,dist,table1_oid,col_raj2000,col_dej2000,WiseID,solution_id,designation,source_id,random_index,ref_epoch,ra,ra_error,dec,dec_error,parallax,parallax_error,parallax_over_error,pm,pmra,pmra_error,pmdec,pmdec_error,ra_dec_corr,ra_parallax_corr,ra_pmra_corr,ra_pmdec_corr,dec_parallax_corr,dec_pmra_corr,dec_pmdec_corr,parallax_pmra_corr,parallax_pmdec_corr,pmra_pmdec_corr,astrometric_n_obs_al,astrometric_n_obs_ac,astrometric_n_good_obs_al,astrometric_n_bad_obs_al,astrometric_gof_al,astrometric_chi2_al,astrometric_excess_noise,astrometric_excess_noise_sig,astrometric_params_solved,astrometric_primary_flag,nu_eff_used_in_astrometry,pseudocolour,pseudocolour_error,ra_pseudocolour_corr,dec_pseudocolour_corr,parallax_pseudocolour_corr,pmra_pseudocolour_corr,pmdec_pseudocolour_corr,astrometric_matched_transits,visibility_periods_used,astrometric_sigma5d_max,matched_transits,new_matched_transits,matched_transits_removed,ipd_gof_harmonic_amplitude,ipd_gof_harmonic_phase,ipd_frac_multi_peak,ipd_frac_odd_win,ruwe,scan_direction_strength_k1,scan_direction_strength_k2,scan_direction_strength_k3,scan_direction_strength_k4,scan_direction_mean_k1,scan_direction_mean_k2,scan_direction_mean_k3,scan_direction_mean_k4,duplicated_source,phot_g_n_obs,phot_g_mean_flux,phot_g_mean_flux_error,phot_g_mean_flux_over_error,phot_g_mean_mag,phot_bp_n_obs,phot_bp_mean_flux,phot_bp_mean_flux_error,phot_bp_mean_flux_over_error,phot_bp_mean_mag,phot_rp_n_obs,phot_rp_mean_flux,phot_rp_mean_flux_error,phot_rp_mean_flux_over_error,phot_rp_mean_mag,phot_bp_n_contaminated_transits,phot_bp_n_blended_transits,phot_rp_n_contaminated_transits,phot_rp_n_blended_transits,phot_proc_mode,phot_bp_rp_excess_factor,bp_rp,bp_g,g_rp,dr2_radial_velocity,dr2_radial_velocity_error,dr2_rv_nb_transits,dr2_rv_template_teff,dr2_rv_template_logg,dr2_rv_template_fe_h,l,b,ecl_lon,ecl_lat,airmass,alt,az,moon_sep
0,3.2504879251222122e-06,1,2.1755086,63.00935350000001,J000842.12+630033.6,1636042515805110273,Gaia EDR3 431511550298172800 ,431511550298172800,596107844,2016.0,2.1755100290452916,0.0071333516,63.009350314872854,0.00857466,0.1848585076358392,0.01000093,18.484133,2.935089,-2.8023173236071592,0.009277423,-0.8727920539180686,0.010928642,-0.16209157,0.17492156,-0.10374044,-0.065616615,-0.108636804,-0.07869358,0.028874675,0.04762018,-0.06702496,-0.26583755,406,406,403,3,-1.3894526,479.8373,0.016963806,0.3773782,31,False,1.368381,,,,,,,,47,27,0.016045237,54,17,0,0.0015800734,43.469242,4,0,0.9503351,,,,,,,,,False,462,175722.46669404846,173.27306,1014.1361,12.575298,52,56177.423329346195,231.64151,242.51881,13.464638,51,175399.28270448928,426.24387,411.49985,11.637826,0,41,0,41,0,1.3178549,1.8268118,0.88933945,0.93747234,-59.261616,2.64006,8,6000.0,3.5,0.0,118.10518389656539,0.5387940999750386,39.22865779090912,54.16413236251869,1.1526051658071166,60.18090636040684,357.6870196191011,57.30342879379434
1,9.190143385428839e-05,2,4.7942272,52.0343285,J001910.61+520203.5,1636042515805110273,Gaia EDR3 395106071771109632 ,395106071771109632,1176630978,2016.0,4.794283260095182,0.013720479,52.03424331503062,0.014192273,0.11918396879128407,0.023593992,5.051454,2.4296823,-2.235765130917326,0.016964698,-0.9511624001785719,0.01897381,-0.47253832,0.32286167,-0.37833574,0.2613116,-0.08975623,0.22055219,-0.15189286,-0.17594804,0.21033508,-0.48772648,814,0,810,4,5.2306266,1092.059,0.0723473,2.15073,31,False,1.2431558,,,,,,,,94,26,0.031520743,105,40,0,0.2709414,136.08919,0,0,1.1327198,0.06476697,0.5438991,0.21845523,0.41745,-176.19214,54.237785,-33.051235,-27.043531,False,603,16092.494840489646,58.76377,273.85062,15.170809,77,2017.7283841281753,63.00827,32.02323,17.076385,68,21446.471586186766,215.41777,99.55758,13.919506,0,8,0,3,0,1.4580834,3.1568794,1.9055767,1.2513027,,,0,,,,117.8956010837594,-10.521757085213101,30.476812184659384,44.65778720245137,1.1069100654955122,64.61075089906687,359.9879603009266,54.44464923778391
2,1.171315273411049e-05,3,7.3382829,64.8140565,J002921.18+644850.6,1636042515805110273,Gaia EDR3 527244073525751424 ,527244073525751424,995586498,2016.0,7.338255698779419,0.021017924,64.81405828931211,0.022519369,0.11346356696822034,0.028305812,4.00849,2.2048712,-2.187064553292816,0.026765455,-0.2796533382924151,0.030150475,-0.06616776,0.22533745,-0.19431566,-0.003814621,0.014237097,-0.047334634,-0.015704848,0.010830462,0.13739249,-0.13512856,417,0,413,4,0.22739273,426.7533,0.049470477,0.38484,31,False,1.3246113,,,,,,,,48,27,0.042896792,55,16,0,0.012453891,57.97095,0,0,1.0071518,0.1787553,0.12099239,0.082839206,0.27791658,-95.028114,70.14144,38.96006,1.4633691,False,460,10917.168949918263,7.132742,1530.5712,15.592092,53,2858.735227921219,13.114016,217.99083,16.698107,53,12146.553621441493,21.560957,563.35876,14.536763,0,18,0,17,0,1.374467,2.1613436,1.1060152,1.0553284,,,0,,,,120.58380809783596,2.043044828279106,44.156996666753884,53.962997943612194,1.056361853301782,71.19929871406192,0.14393473887619165,52.05515480905139
3,2.3618043849793012e-05,5,11.6177924,58.90579069999999,J004628.27+585420.8,1636042515805110273,Gaia EDR3 425250454359568512 ,425250454359568512,371622483,2016.0,11.617747391908509,0.011078538,58.90579488512996,0.011166318,0.22343858657750182,0.015768006,14.170377,1.9318374,-1.8258602613336337,0.01402374,-0.6310547111246206,0.015343138,-0.29423493,-0.002404671,-0.23753804,-0.01300121,-0.059272833,-0.008835827,-0.16676395,-0.020127896,0.17763202,-0.39242315,459,0,458,1,0.5028571,472.24933,0.0,0.0,31,False,1.5660335,,,,,,,,54,28,0.024185484,65,22,0,0.025818396,48.90634,0,0,1.0160129,0.1789906,0.32555282,0.056636244,0.13630092,-92.71214,43.821503,-11.243723,4.750455,False,528,46542.89962601722,9.574374,4861.195,14.017734,60,25590.168854993037,17.838507,1434.5466,14.318359,61,30295.450233590724,20.456757,1480.9508,13.544452,0,2,0,2,0,1.2007335,0.77390766,0.3006258,0.47328186,,,0,,,,122.28913355227924,-3.9597559115664263,40.76057303590838,48.09795687153454,1.1743472900052552,58.37922190899345,2.1348332750266925,56.07238164912723
4,2.477172958941239e-05,6,12.0930919,74.2992817,J004822.34+741757.4,1636042515805110273,Gaia EDR3 538615394576168832 ,538615394576168832,147461822,2016.0,12.093001394512248,0.020834617,74.29927798726271,0.020997487,0.06538960242184673,0.024071548,2.7164683,0.17478262,-0.1706307901206908,0.024303442,-0.037869492294661564,0.025544338,-0.010564562,0.17856085,-0.35894692,-0.07754382,-0.0058347983,-0.12585387,0.20142093,-0.11584513,0.28823122,-0.02265812,352,36,351,1,10.550836,700.3294,0.14387158,7.965414,31,False,1.2492188,,,,,,,,40,27,0.036306046,45,24,0,0.36093298,120.483185,0,0,1.4257205,,,,,,,,,False,353,10110.302038282507,811.8852,12.452871,15.675457,40,2579.6201969942817,628.5817,4.103874,16.809652,41,16287.705205153801,3721.9539,4.3761168,14.2182455,0,0,0,0,0,1.8661486,2.5914068,1.1341953,1.4572115,-114.360085,2.4990835,3,4500.0,3.0,0.0,122.72031112838289,11.428787695584456,58.68524297429295,59.39505725494155,1.1133781749305929,63.91821828833056,8.117244699026523,51.36971833465601
5,4.308382759736194e-06,7,12.4480736,63.6361242,J004947.53+633810.0,1636042515805110273,Gaia EDR3 523968761523650304 ,523968761523650304,188188335,2016.0,12.448067361917566,0.0070639313,63.63612090023577,0.007877105,0.35624614938728255,0.010153774,35.0851,1.1308773,-0.9260899063299142,0.008983523,-0.6490307847444255,0.010939665,-0.23000126,-0.01883706,-0.11430274,-0.06373811,0.0035314767,-0.07984444,0.09346105,-0.016858205,0.13714673,-0.34066978,469,469,469,0,-3.7313526,532.9407,0.025014136,0.8323626,31,False,1.4833165,,,,,,,,54,28,0.016342778,59,18,0,0.013539783,71.886536,0,0,0.87935966,,,,,,,,,False,496,158405.12838663656,22.370956,7080.8384,12.687943,55,73077.8817032395,34.313717,2129.6987,13.179077,53,124123.95449294774,36.93471,3360.6316,12.013256,0,0,0,0,0,1.2449207,1.1658211,0.4911337,0.6746874,,,0,,,,122.74920879828078,0.7649547155307063,45.691587007291766,51.62650594506328,1.3296239840881592,48.77194846171999,3.0334223590144727,60.092630570237404
6,1.3958281758160244e-05,8,12.8670235,64.9477022,J005128.08+645651.7,1636042515805110273,Gaia EDR3 524436985982459904 ,524436985982459904,989091863,2016.0,12.866991529986613,0.010985009,64.94769879878487,0.01250932,0.15466187847715285,0.015567298,9.935049,1.533972,-1.5156681816066377,0.014576819,0.23626320451312205,0.018849682,-0.21252072,0.09997605,-0.2628558,-0.05752448,0.04939204,-0.09367504,-0.054187123,-0.31151682,0.24641563,-0.39976242,459,268,455,4,13.983214,936.0976,0.107572556,12.007977,31,True,1.3116921,,,,,,,,52,26,0.028389188,60,20,0,0.1222127,49.626263,1,0,1.4997829,,,,,,,,,False,499,103962.79826001154,1735.7849,59.893826,13.145172,56,25437.374516208318,1509.806,16.848108,14.324862,55,119969.3788430671,5400.0654,22.216282,12.05022,2,0,0,1,0,1.3986422,2.274642,1.1796894,1.0949526,,,0,,,,122.93510281164698,2.0759489844673373,47.268675051201335,52.52867591683798,1.163975195900443,59.21846115470956,6.710203684569776,53.56483066798091
7,4.820212972888485e-05,9,16.2504303,-5.6676941,J010500.10-054003.6,1636042515805110273,Gaia EDR3 2476818789615446784,2476818789615446784,1131168930,2016.0,16.250455137088746,0.024615038,-5.667735483341909,0.017405424,0.023074410141421132,0.029080436,0.79346853,2.0538433,0.9612024072115951,0.028177768,-1.815037656157279,0.030017812,0.33327103,0.46933973,-0.3001942,0.034944262,0.049779255,-0.078573674,-0.26580128,0.1113979,0.11844153,0.45043552,268,0,266,2,0.15416358,276.78247,0.0,0.0,31,False,1.2426023,,,,,,,,31,15,0.048909552,37,11,0,0.10461243,94.007286,0,0,1.0054754,0.22060387,0.4238573,0.1971449,0.36690384,-57.2664,-26.209984,-53.531586,22.679588,False,319,23738.316408048537,684.3711,34.68632,14.748742,36,2899.8674620992574,344.07462,8.42802,16.682596,36,31643.584393251735,2686.867,11.777131,13.497181,0,3,0,2,0,1.455177,3.1854153,1.9338541,1.2515612,,,0,,,,132.09097000352074,-68.2979451361327,12.751792041588173,-11.617581036451062,1.1804778981288466,57.89920490516158,6.493741556014142,54.167132178904694
8,1.0250277328913232e-06,10,22.500822100000004,63.17903520000001,J013000.19+631044.5,1636042515805110273,Gaia EDR3 512415166365924224 ,512415166365924224,87610470,2016.0,22.500820547909015,0.009848746,63.179034451502865,0.011284696,0.1019751579258056,0.014951049,6.820602,1.8747097,-1.8523307062079677,0.01220512,0.28880383104836355,0.015309392,-0.19004439,-0.04915856,-0.35555002,-0.003822882,0.1755145,-0.031457204,-0.106994696,-0.024821004,0.03238283,-0.33868554,493,0,493,0,-1.9267354,415.49744,0.0,0.0,31,False,1.4011207,,,,,,,,56,25,0.022690875,65,24,0,0.008858053,71.16751,0,0,0.93829626,0.13621193,0.2816169,0.21790294,0.17065926,-63.981956,64.00393,16.049007,20.520548,False,558,49961.781306970595,38.018856,1314.1316,13.940772,65,17919.524789361945,69.28898,258.62012,14.705226,65,47373.02237870968,95.060844,498.3442,13.059068,0,2,0,0,0,1.3068498,1.6461582,0.7644539,0.88170433,,,0,,,,127.26602747908557,0.6322741729804748,50.92564156183872,48.59853870685511,1.3133077599817518,49.59096949314488,162.15251620231678,47.41412578632516
9,8.498144354944755e-06,14,48.59546050000001,59.2491743,J031422.91+591457.0,1636042515805110273,Gaia EDR3 462017332914172800 ,462017332914172800,116567970,2016.0,48.59547543940449,0.009244897,59.24917057572119,0.012193544,0.27825813786794074,0.015460047,17.998531,1.0068237,0.2581536164546463,0.01540961,-0.9731652188212199,0.017636163,0.5107001,-0.22111605,-0.22551093,0.27848625,-0.24213395,0.21177539,0.33745342,-0.012984371,-0.06479048,0.33508536,595,0,593,2,1.5030494,638.13367,0.01578776,0.23430294,31,False,1.4547948,,,,,,,,68,19,0.027141454,77,14,0,0.025612405,137.23123,0,0,1.0435734,0.54325145,0.53677994,0.42324337,0.45502928,-76.45473,-61.543503,56.40927,29.815136,False,627,71752.6507701533,10.215693,7023.767,13.547772,68,30936.233090313424,17.53794,1763.9606,14.112373,66,59596.09482288072,20.772488,2868.9917,12.809851,0,1,0,0,0,1.261728,1.3025227,0.56460094,0.7379217,,,0,,,,140.31171315623874,1.2890094851637652,64.01223832060155,39.489147358349534,1.1292157387524333,62.32179318930087,12.956216115225626,49.70210511738494
10,1.592770113658945e-05,20,80.2099386,31.943772100000007,J052050.38+315637.5,1636042515805110273,Gaia EDR3 180737068540953856 ,180737068540953856,1408695534,2016.0,80.20993852087103,0.01252745,31.943756172440406,0.009638353,0.23903307594446518,0.014115789,16.933739,0.14431587,0.007955334037086894,0.016715543,0.14409643369344494,0.012281779,-0.030300017,-0.0074950187,-0.19192445,0.06261417,-0.31622058,0.009739929,-0.33482632,0.15143044,0.14980797,0.010333179,251,251,251,0,-0.53019655,440.8634,0.060996562,5.046552,31,False,1.5551078,,,,,,,,29,17,0.0233319,31,12,0,0.03272795,177.12692,0,0,0.9748485,,,,,,,,,False,250,282053.9842532729,177.79266,1586.4208,12.061536,29,152503.48149826395,309.38254,492.92853,12.3803425,30,190317.09366171822,430.42575,442.1601,11.549201,0,0,0,0,0,1.2154431,0.8311415,0.31880665,0.5123348,,,0,,,,174.56835854622688,-2.841521984500688,81.60460079588253,8.789348324440628,1.1785660744988449,58.04767091435342,15.101006114118707,49.81938630600616
11,1.2311336824742127e-05,23,83.05803170000002,34.1004041,J053213.92+340601.4,1636042515805110273,Gaia EDR3 3449189833426211840,3449189833426211840,686638360,2016.0,83.0580171583964,0.033796977,34.100406664545176,0.026670445,0.1026132798983675,0.034241047,2.9967916,1.0912585,0.3591314078765989,0.049179915,-1.0304706916921265,0.03639026,-0.27727786,0.17976986,-0.5448733,0.3352165,-0.47404984,0.2735908,-0.68438023,-0.0132167535,0.35264835,-0.2566653,228,0,226,2,6.514398,411.56033,0.12915954,6.2676406,31,False,1.2392584,,,,,,,,26,14,0.07445256,27,13,0,0.42117786,169.55559,0,0,1.3236917,0.22707362,0.37369874,0.31962064,0.4737242,-63.868683,-0.7766042,-40.075756,39.154434,False,224,22223.26099185904,1369.62,16.225859,14.820348,26,4012.36656815415,796.872,5.0351458,16.33004,26,26580.718068301856,4719.3066,5.6323357,13.686479,0,1,0,1,0,1.3766245,2.6435614,1.5096922,1.1338692,,,0,,,,174.1109995027422,0.3432533864336198,84.15212651008106,10.801939122674213,1.1543066772356991,60.03387877230865,20.223362983022493,46.789657367165475
12,1.184553384651511e-05,25,86.5772639,37.3680605,J054618.54+372205.0,1636042515805110273,Gaia EDR3 3456340644735851392,3456340644735851392,1570720300,2016.0,86.57727141156397,0.013742798,37.36805026878822,0.010741206,0.2616545193857083,0.014845933,17.62466,1.8966519,0.6793183610504234,0.017593034,-1.7708232320062947,0.010076301,-0.16174752,0.24473737,-0.12674978,0.18084262,-0.16791186,0.12232786,-0.7639617,0.09407708,0.26751152,-0.103933156,367,0,365,2,0.8733059,416.39453,0.0,0.0,31,False,1.5450046,,,,,,,,43,18,0.02457602,43,26,0,0.03595256,173.93297,0,0,1.0317863,0.50569475,0.5584107,0.33511028,0.09445426,-8.29701,1.6290632,-6.815821,25.529465,False,361,108081.12382356958,35.069744,3081.8909,13.102992,37,57101.44341807022,60.83138,938.684,13.446924,36,74117.09384919445,52.62071,1408.5157,12.573099,0,0,0,0,0,1.2140745,0.8738251,0.34393215,0.5298929,,,0,,,,172.8598597846502,4.498953547359492,87.19752389519276,13.962060226066354,1.1668758996397348,58.9801885906245,21.027257692268638,46.592068918100196
13,2.0730231086535947e-05,32,96.40887209999998,27.0559466,J062538.12+270321.4,1636042515805110273,Gaia EDR3 3432616035666142976,3432616035666142976,1007750477,2016.0,96.4088777893147,0.02106613,27.055926498479955,0.021203963,0.2741219374826687,0.021757765,12.59881,0.4110776,0.34184940709865563,0.022145163,0.22830630942155433,0.018580487,-0.6296706,0.29046112,-0.39119932,0.48513055,-0.55068505,0.24086733,-0.63555354,0.18108456,0.2516283,-0.37728676,190,0,188,2,-0.15330951,182.21765,0.0,1.4856265e-15,31,False,1.6103373,,,,,,,,22,14,0.03827881,22,10,0,0.13972427,2.711414,0,0,0.990181,0.3080426,0.44467646,0.46034908,0.7869993,-71.393135,30.989202,-28.693308,-44.061886,False,189,65786.72582150318,24.409216,2695.1594,13.642021,19,39152.36278340908,19.615086,1996.0332,13.8566475,20,38555.8036335338,35.38266,1089.6808,13.282671,0,0,0,0,0,1.1812135,0.5739765,0.21462631,0.3593502,,,0,,,,185.95504652425373,6.797692102642227,95.71729184159342,3.7437503178618474,1.2129542196110035,55.531091153310214,23.34520067684626,46.08410871651518
14,2.0901808063394465e-05,34,99.9848147,13.183401599999998,J063956.35+131100.2,1636042515805110273,Gaia EDR3 3352737959020047360,3352737959020047360,184619521,2016.0,99.98480859055316,0.020206083,13.183381562491952,0.01698952,0.40123114070147486,0.022282926,18.006214,0.71757156,0.25908878654062045,0.026638245,-0.6691651241292932,0.020330224,0.022961982,-0.061275456,0.124885805,0.16679086,-0.14335006,0.21532196,-0.12755965,0.16960709,0.2180927,-0.12917665,176,176,173,3,-2.6892545,501.23477,0.13257244,18.026596,31,False,1.636667,,,,,,,,20,13,0.037588995,21,6,1,0.032437515,113.337654,0,0,0.8550533,,,,,,,,,False,181,604433.4601307185,178.16946,3392.4639,11.233995,20,376338.69684444985,238.22496,1579.7618,11.399595,20,341326.7864710329,231.93726,1471.6342,10.914969,0,0,0,0,0,1.1873358,0.48462582,0.16559982,0.319026,,,0,,,,199.89036642861345,3.4706754543663916,99.86789693597592,-9.91452347768049,1.2510792800069666,53.064248966766925,24.825687348153092,45.81727345698592
15,9.118803053734199e-05,35,100.9207777,56.3035827,J064340.98+561812.8,1636042515805110273,Gaia EDR3 1000949004577302400,1000949004577302400,1579653577,2016.0,100.92063406054629,0.019614546,56.30353837460059,0.020280508,0.03222172170643713,0.0304103,1.0595661,1.0326124,0.3080164570483782,0.02159822,-0.9856035242847085,0.018784847,0.18520603,-0.11986339,-0.046336584,-0.20620738,-0.35635173,-0.3124422,-0.13319016,0.34253347,0.10768455,0.28530657,324,0,323,1,7.1773186,898.0357,0.17727311,17.956274,31,False,1.2107784,,,,,,,,37,17,0.034540482,37,14,0,0.5476991,89.22479,0,0,1.2965564,0.13506983,0.13636912,0.22557893,0.66483766,-161.54936,-35.547127,20.038628,-44.805614,False,321,47040.362163410624,1055.141,44.58206,14.00619,37,4682.160376928181,440.6463,10.625666,16.162426,37,67326.72868479398,4258.4214,15.810255,12.677426,0,1,1,0,0,1.5307894,3.4849997,2.1562357,1.328764,,,0,,,,159.44332582138836,21.264134992882553,97.21074135875509,33.13728894764695,1.2228666618775297,54.860254347301826,60.23738474017055,25.267761572738845
16,8.55110072965024e-06,40,107.11777810000001,-5.0642637,J070828.26-050351.3,1636042515805110273,Gaia EDR3 3053417702439317120,3053417702439317120,761483539,2016.0,107.11778549295265,0.013901286,-5.064259353569372,0.014451938,0.2667789912963383,0.0176821,15.087517,0.74792266,-0.15881652423049708,0.017463693,0.7308663514135454,0.017295185,-0.20627426,0.07270767,-0.04456475,0.18950176,-0.16746482,0.18038368,-0.026152622,0.109660245,-0.08174188,-0.20722903,249,190,249,0,4.237242,590.753,0.10711087,12.482881,31,False,1.6287841,,,,,,,,29,17,0.02666144,36,8,0,0.09704735,110.87643,1,0,1.1963675,,,,,,,,,False,245,149329.34060627545,41.40583,3606.481,12.752004,28,91979.47643209006,89.24962,1030.5868,12.929315,28,84735.67793682741,57.115498,1483.5847,12.42773,0,0,0,0,0,1.183392,0.501585,0.17731094,0.32427406,,,0,,,,219.38125808246346,1.4655177391166752,109.27677785936433,-27.36523252266228,1.2831554284346232,51.19916338604347,34.45011725062395,40.42160617478601
17,1.7814926291727992e-05,53,128.8641025,-46.473842700000006,J083527.38-462825.8,1636042515805110273,Gaia EDR3 5521836115843466368,5521836115843466368,553248461,2016.0,128.86408808756048,0.011757651,-46.47382790631101,0.012507812,0.17340783751863706,0.014604757,11.873381,5.1992946,-3.1889258683535466,0.016030502,4.106508686603882,0.014710106,0.04179831,-0.033789344,-0.040542737,0.13810365,0.29255083,0.22766535,-0.12160459,0.3443657,-0.04490112,0.05177766,444,0,443,1,0.549201,461.16147,0.0,1.9205612e-15,31,False,1.5260738,,,,,,,,51,27,0.022839932,56,19,0,0.007922916,152.85213,0,0,1.0178474,0.15131603,0.087016545,0.058546398,0.102075405,-99.58762,-52.188076,47.651115,-11.413337,False,460,34481.870697695245,6.082524,5669.0073,14.3433895,50,17495.001409943317,17.719862,987.31024,14.731257,50,24748.66068616286,19.794098,1250.305,13.764016,0,2,0,1,0,1.2250978,0.9672413,0.38786793,0.57937336,,,0,,,,264.60475326758757,-3.54794877353385,154.77523670827765,-61.465755290040924,1.4624392284409977,43.14045077844665,39.93556098264531,38.58779018988854
18,1.610534992197765e-05,2171,302.725807,38.3025912,J201054.19+381809.3,1636042515805110273,Gaia EDR3 2061686870220386816,2061686870220386816,747470035,2016.0,302.7258201471451,0.009770446,38.302578833203505,0.011834091,0.1471228070695468,0.012410233,11.8549595,5.5564795,-2.661373262748832,0.012789044,-4.877658998755612,0.013941091,-0.08208865,0.016292732,-0.056239136,-0.08845347,0.08531086,-0.1029055,-0.25558385,-0.025402281,-0.049569525,-0.078272834,476,476,474,2,7.328578,1377.3071,0.11601562,20.383734,31,False,1.4506102,,,,,,,,54,29,0.019785987,58,24,0,0.0064216782,16.3462,0,0,1.2478247,,,,,,,,,True,481,1211735.393300101,1192.812,1015.8645,10.4788475,51,509880.3612429574,1721.7875,296.1343,11.069872,52,1031826.1337139589,2835.4753,363.89883,9.71388,0,51,0,25,0,1.2723129,1.3559923,0.5910244,0.7649679,,,0,,,,75.30225367276012,2.595489097297352,319.749707001366,56.22985555814281,1.4505191407060114,43.583292469065185,300.4089315420261,91.44943245151313
19,6.038397597121032e-05,2173,303.5155259,16.7264004,J201403.72+164335.0,1636042515805110273,Gaia EDR3 1808748613981554176,1808748613981554176,561863843,2016.0,303.515583252344,0.025739588,16.72637531246437,0.020280223,0.5451435648859136,0.03762459,14.489023,5.7505255,-2.9025471626107366,0.036015946,-4.964248407960936,0.027398145,-0.15159264,0.212625,-0.05353639,0.040543586,-0.019728567,0.028822523,0.43320346,-0.090178564,-0.2051282,-0.27356148,494,494,493,1,45.832493,7479.1904,0.28666648,122.853745,31,False,1.4908019,,,,,,,,55,21,0.051929742,58,14,2,0.10133345,154.39908,0,0,2.7810137,,,,,,,,,True,467,5309318.043214246,31577.734,168.13486,8.87477,56,2255489.724047432,77248.55,29.197826,9.4554405,49,4169395.0839677565,68031.44,61.2863,8.197713,0,0,0,0,0,1.2101148,1.2577276,0.58067036,0.67705727,,,0,,,,57.52707165427704,-9.754940455551617,310.54827634644244,35.56750812904104,1.4099253509447007,45.1745280873488,315.7401219336042,85.3056145606793
20,0.00026836049402684096,2175,309.133678,26.603898400000002,J203632.08+263614.0,1636042515805110273,Gaia EDR3 1855989650761023872,1855989650761023872,658062214,2016.0,309.1334023431858,0.024082255,26.604004556981035,0.028308367,0.896183609114248,0.045630984,19.639805,6.492532,-3.8721231619027026,0.033962566,-5.211490445220674,0.03331523,-0.4134769,0.06325068,0.023487676,0.24437556,-0.035193108,0.3087382,0.07408977,-0.17278355,0.04282194,-0.4423179,847,847,847,0,47.642265,9466.335,0.38395262,171.10544,31,False,1.4402722,,,,,,,,96,23,0.05641295,101,19,5,0.1251089,35.771347,0,0,2.362253,,,,,,,,,False,816,9353672.973525869,45251.582,206.70378,8.259912,94,3699146.868295388,77838.07,47.52362,8.918288,92,7670370.08806322,107525.63,71.33527,7.535855,0,0,0,0,0,1.2155136,1.3824334,0.6583767,0.7240567,-14.423556,3.2662687,37,5500.0,4.5,0.0,68.76914638941668,-8.514151252192045,320.9251387169634,43.37317628571265,1.4143237442177055,44.99553658854738,298.1982621991191,90.64407444919618
21,9.225716700323172e-06,2177,310.4735468,46.82215550000001,J204153.65+464919.7,1636042515805110273,Gaia EDR3 2167366464672809216,2167366464672809216,407822622,2016.0,310.4735539280071,0.009913313,46.822147669013106,0.010673059,0.11013793537165015,0.011807981,9.3274145,4.6084867,-2.4434401466996025,0.01331828,-3.907396946618488,0.012732755,-0.048797473,-0.10183736,-0.34039038,-0.029723687,0.35336077,-0.031320475,-0.26006863,0.038853955,-0.082667254,-0.068511344,347,0,347,0,1.9558465,385.2221,0.0,0.0,31,False,1.2635335,,,,,,,,40,25,0.019061012,45,20,0,0.012456205,170.96042,0,0,1.0747097,0.17895359,0.056773677,0.10967845,0.21021178,-85.973694,64.975395,7.6634374,3.9796448,False,352,90828.95741926202,119.55639,759.7165,13.291806,43,17421.748736830235,68.33595,254.94264,14.735813,42,115091.66541473287,386.93616,297.44354,12.095285,1,0,0,0,0,1.4589336,2.6405277,1.4440069,1.1965208,,,0,,,,85.55273336021756,2.8799957667430007,337.1129927562028,61.17673885107935,1.4969966645220145,41.91321120877332,277.5581908977382,96.52402289288224
22,2.2950571666884168e-05,2178,311.8070046,46.588206500000005,J204713.68+463517.5,1636042515805110273,Gaia EDR3 2166560763171926656,2166560763171926656,935517070,2016.0,311.80700946933223,0.034603048,46.588183794704605,0.037297893,0.08072205725072691,0.04062362,1.987072,3.506939,-2.2908415622586813,0.04582647,-2.6553089098371716,0.048085984,-0.018039264,0.1069978,-0.06535586,-0.06955247,0.056386005,-0.092080995,-0.26484936,-0.10027721,-0.0077472003,0.022826767,445,0,445,0,0.21768445,3890.0684,0.48079407,104.92882,95,False,,1.179351,0.010798559,-0.09511521,0.06814738,0.016832914,-0.046725526,-0.04771119,51,29,0.067801476,55,55,0,0.059675,143.60559,0,0,1.0065944,0.14904569,0.06804839,0.041782547,0.049975008,-88.110596,66.1078,32.69614,2.0725152,False,451,30302.075334500358,189.65694,159.77309,14.4836855,49,4119.763179583311,68.16573,60.43745,16.301361,50,43695.19282452929,801.8197,54.495033,13.1468115,0,1,0,0,0,1.5779433,3.1545496,1.8176756,1.336874,,,0,,,,85.93664012450618,2.0175765939058765,338.4381101955832,60.488355982133925,1.3802269880671643,46.428808217220116,318.0044886883757,83.41163305637403
23,2.7295204924318385e-05,2183,321.0009879,18.2787955,J212400.23+181643.6,1636042515805110273,Gaia EDR3 1785352625740690432,1785352625740690432,622592337,2016.0,321.00099681751453,0.015969384,18.278769551420503,0.013887703,1.6462935816373538,0.020024197,82.21521,13.221776,-2.578039016837727,0.02041729,-12.968002239166681,0.014666214,-0.028136542,0.2134163,-0.16702515,-0.0028960318,-0.010237117,-0.030906608,-0.63495874,-0.101276815,0.08598845,-0.038472656,397,397,394,3,6.7894654,1221.4089,0.13428903,23.194906,31,False,1.5151377,,,,,,,,45,20,0.028483698,48,27,0,0.029249318,29.345121,0,0,1.2521135,,,,,,,,,False,400,4610215.485460232,20739.277,222.29393,9.028064,45,2302808.8806506773,38592.51,59.669838,9.432898,45,3295886.1858348846,37652.613,87.534065,8.452965,0,2,0,1,0,1.2144107,0.9799328,0.4048338,0.575099,,,0,,,,69.13030299330656,-22.266299957375722,330.1496781593371,31.698709905045853,1.3623700555956257,47.22404680623499,305.154997013788,86.83069038702222
24,2.9516976394496206e-05,2187,329.2618289,48.380523000000004,J215702.83+482249.8,1636042515805110273,Gaia EDR3 1976301374174347520,1976301374174347520,624125301,2016.0,329.2618236040809,0.009591366,48.380493693354595,0.009258489,0.9697902314972596,0.0112454025,86.23882,8.251319,-3.656279753022587,0.011421864,-7.397018173997154,0.010830793,-0.054510158,-0.01683672,-0.35402438,-0.014376199,0.14231056,-0.034781765,-0.26982313,-0.07306976,-0.08436535,-0.12250651,382,382,375,7,-1.8314902,607.94635,0.063073225,5.516921,31,False,1.5047215,,,,,,,,43,24,0.016736845,59,21,4,0.022124061,163.96762,0,0,0.932554,,,,,,,,,False,483,3596320.2668879367,4837.8867,743.36597,9.297721,55,1736403.559551038,7595.8022,228.60042,9.739415,55,2671385.7228432475,8966.6045,297.92612,8.681054,0,18,0,0,0,1.2256387,1.058361,0.44169426,0.6166668,,,0,,,,95.56005205321286,-5.002737572458825,358.585782450679,55.17684976381212,1.3428242902759904,48.13325782160781,304.77840106112956,86.09750470458798
25,2.3757409982623815e-05,2188,333.2188373,43.7502285,J221252.52+434500.8,1636042515805110273,Gaia EDR3 1961583895634027008,1961583895634027008,1244867143,2016.0,333.21882545590586,0.014851476,43.75020633664606,0.01704599,0.32593682031584625,0.02181403,14.941615,2.8041937,-1.5551669109942368,0.019971646,-2.3334435271180967,0.021888334,-0.21673848,0.09558747,0.022360869,-0.14053054,0.17815842,-0.12512287,-0.19577383,-0.02149532,-0.057965934,-0.32328236,424,424,416,8,10.804507,2594.014,0.18522659,60.269142,31,True,1.4562047,,,,,,,,48,25,0.03354041,57,18,3,0.15742111,85.8655,1,0,1.3987048,,,,,,,,,False,481,541626.8350569993,8115.058,66.74343,11.353116,50,254137.7051029507,11536.216,22.029556,11.82587,51,467177.81381836557,25252.03,18.500605,10.57419,0,0,0,0,0,1.3317573,1.2516794,0.47275352,0.7789259,,,0,,,,94.99653978901067,-10.355013886070797,357.9079267298306,49.81131798778749,1.3038970053798769,50.07915570614846,302.26459093756944,84.92856392785824
26,4.910828481176058e-05,2189,337.1940896,50.57003970000002,J222846.58+503412.1,1636042515805110273,Gaia EDR3 2000267497846295936,2000267497846295936,1033269673,2016.0,337.1941625126542,0.013962133,50.57002335779193,0.013895841,0.1800735205971648,0.017609037,10.226199,2.1309693,-0.7652326646755712,0.01765406,-1.9888310325323184,0.016679896,-0.12557966,0.18119659,-0.2322935,-0.053557772,0.15586096,-0.13696556,-0.20417105,-0.24278338,0.14344808,-0.18225506,427,427,426,1,8.0899725,2027.4081,0.15732682,43.093044,95,False,,1.3987685,0.003963816,-0.17574528,0.013918029,0.043749463,-0.039063156,-0.043996025,48,26,0.026286785,68,21,1,0.1540894,24.5284,0,0,1.290875,,,,,,,,,False,518,892759.0496101363,16013.689,55.74974,10.810532,62,309500.261945627,17548.717,17.636633,11.61189,61,863678.8446982771,47150.836,18.31736,9.907015,0,0,0,0,0,1.3141049,1.704875,0.8013582,0.90351677,,,0,,,,101.0648321965101,-6.144557508926042,7.912635680927101,53.764171832694686,1.2966611804663621,50.46280451488592,280.8121601730093,87.8214646223716
27,8.069400884145781e-05,2190,337.2537283,40.3154199,J222900.89+401855.5,1636042515805110273,Gaia EDR3 1909296723249974912,1909296723249974912,619338950,2016.0,337.2537408729607,0.028039705,40.315500022507734,0.034671452,1.2542496132699317,0.05228032,23.990854,8.415754,-7.629121979328387,0.03378522,-3.5526632300729277,0.044761777,-0.25327277,-0.02429976,-0.3558046,-0.15307958,0.15184964,-0.22982845,0.006008525,0.0033053623,-0.15375309,-0.48396075,874,874,870,4,7.6124372,17241.123,0.48596627,323.04315,31,False,1.1512876,,,,,,,,99,24,0.068287015,110,71,11,0.17496033,178.10443,2,0,1.1880869,,,,,,,,,False,869,10197331.168961018,142962.98,71.32847,8.16615,88,252538.53524973316,19586.1,12.893764,11.832723,101,19103651.43981459,740259.7,25.806688,6.5451045,0,88,0,92,0,1.8981624,5.287618,3.6665726,1.6210456,,,0,,,,95.58864347068061,-14.875468085023988,358.93025702861235,45.30650506526299,1.2410287779643439,53.68595018468664,292.68726749838453,83.3542029089105
28,9.074627169875348e-06,2192,340.6742691,60.4001637,J224241.82+602400.5,1636042515805110273,Gaia EDR3 2200793847233509760,2200793847233509760,1619779569,2016.0,340.67425942552177,0.0119124,60.40017141451815,0.010578325,0.29962477479726995,0.013042998,22.972078,3.8539228,-3.278336762390843,0.015360372,-2.026136443596069,0.013399408,-0.15127152,0.1554329,0.07322164,-0.19762646,0.039297592,-0.190381,0.08022686,0.07644634,-0.092845045,-0.29239947,398,398,398,0,5.0653105,1097.7366,0.112477146,17.234625,31,True,1.3484614,,,,,,,,45,26,0.023103883,50,16,0,0.047176342,116.13035,0,0,1.1851119,,,,,,,,,False,408,354774.4956734834,1644.3518,215.7534,11.812486,49,106328.56762924869,1340.6482,79.31131,12.771917,48,383364.2596980211,4930.318,77.7565,10.788866,0,0,0,0,0,1.3802933,1.9830513,0.95943165,1.0236197,,,0,,,,107.67312927733859,1.3998335471891685,22.79557453583073,59.62896428108417,1.3407873318876085,48.23047673680147,260.1839253001472,89.60241155261902
29,0.0001592028672754308,2194,350.1566953,39.6207204,J232037.60+393714.5,1636042515805110273,Gaia EDR3 1917374525942264704,1917374525942264704,1389086910,2016.0,350.156606029633,0.057086952,39.62057681331675,0.052084543,0.9491385831029826,0.07905554,12.005972,6.0290775,4.671881660754054,0.09246438,-3.8109447580776044,0.071515284,0.069340706,0.13457154,-0.14403398,-0.035194006,0.027670862,-0.09571854,0.22561724,-0.03312706,-0.22671868,-0.14743723,373,373,373,0,5.1619005,21663.145,0.69698423,526.7272,31,False,1.106773,,,,,,,,42,22,0.13018292,60,10,2,0.15858503,120.672745,4,0,1.1952207,,,,,,,,,False,484,2244264.911579166,70404.234,31.876846,9.809682,49,22056.442129676077,3133.7627,7.038326,14.479704,53,3694555.0587752056,312307.38,11.829868,8.32899,1,37,0,16,0,1.6560485,6.150714,4.670022,1.4806919,,,0,,,,104.4909915518378,-19.97718075202504,9.928391816155035,39.60267521660428,1.2261316373908802,54.64406976217675,310.696943214456,78.63620581831668
30,3.8809060943811427e-05,2201,73.0913969,-75.9463084,J045221.93-755646.7,1636042515805110273,Gaia EDR3 4625163561380136192,4625163561380136192,1254712750,2016.0,73.09150351627052,0.030482262,-75.94627948870148,0.037259176,0.007020794011402938,0.03435504,0.20435993,1.9085442,1.9055206047330495,0.042836256,0.10738784228294518,0.051649537,0.024535216,0.09474045,0.02297986,-0.16886848,0.28934774,-0.15709539,0.06159614,0.041507088,0.08170084,-0.12764883,332,0,326,6,0.4710247,350.18875,0.09840841,0.85535663,31,False,1.2506875,,,,,,,,38,25,0.07287353,40,13,0,0.20019601,92.13263,0,0,1.0176027,0.06425362,0.104033485,0.07413292,0.08842581,-166.02518,80.4265,-51.14394,-6.186545,False,322,5244.418155783565,172.39471,30.420992,16.388124,37,1036.623784802207,123.944824,8.363591,17.79949,36,6367.537823734222,630.6398,10.09695,15.237967,0,0,0,1,0,1.4118176,2.5615234,1.4113655,1.1501579,,,0,,,,288.3171566234234,-33.34199386110223,292.2412215525728,-79.24608104573171,1.2262864327846774,54.63387732087612,311.2929448923391,78.48269207609847
31,2.9480601097353606e-05,2207,75.9844675,-67.45689730000001,J050356.27-672724.8,1636042515805110273,Gaia EDR3 4661499087832446464,4661499087832446464,1320707151,2016.0,75.98454397111645,0.018257458,-67.45689420200927,0.019436419,0.0215607428291602,0.019641867,1.0976932,1.8473808,1.8400598409498872,0.021901453,0.16430244066920632,0.026240649,-0.0381001,-0.13208687,-0.2329789,-0.13247356,0.11098146,-0.10948648,-0.30399597,0.34051985,-0.29729262,-0.11343896,289,0,287,2,-0.28146788,281.9911,0.0,1.1967699e-15,31,False,1.4860044,,,,,,,,33,22,0.03762776,42,16,0,0.09490193,60.081535,0,0,0.9869944,0.03918341,0.073010616,0.06718078,0.12016103,83.76911,59.56732,52.412926,-6.447299,False,351,23341.436143006642,240.12077,97.20707,14.767048,41,10470.045441799455,382.33438,27.384525,15.288671,41,18518.451831713974,568.3715,32.581596,14.078884,0,1,0,1,0,1.2419329,1.2097864,0.52162266,0.68816376,,,0,,,,278.21615764019026,-35.126337440306145,344.2923269457838,-84.46523302510424,1.21100222728425,55.66585440989203,310.72971028323343,77.72488909709575
32,1.7598773215515493e-05,2235,86.10346970000002,-65.9706142,J054424.83-655814.2,1636042515805110273,Gaia EDR3 4659984132576444800,4659984132576444800,595692192,2016.0,86.10351291840645,0.014243712,-65.97061422410546,0.01290387,0.003910753562682589,0.014389349,0.27178115,1.7891436,1.707875453757233,0.019125367,0.53310031111687,0.017743347,-0.05562551,-0.18070765,0.0007029206,0.015072407,0.2542571,-0.009689877,-0.27492124,0.20524198,-0.30156103,0.017729199,287,0,283,4,-2.266742,235.35052,0.0,0.0,31,False,1.6269761,,,,,,,,33,22,0.02653072,99,13,0,0.032746956,12.85401,0,0,0.90426606,0.24116154,0.11203468,0.12595072,0.08927192,-48.669983,7.0895934,42.733856,-18.34758,False,798,46938.705140483115,25.820927,1817.8552,14.008539,90,28988.10775535156,43.60309,664.81775,14.182993,91,26497.230518855347,50.889954,520.67706,13.689895,0,1,0,1,0,1.1820807,0.49309826,0.17445374,0.31864452,,,0,,,,275.7513826635943,-31.395824232057468,18.82869041195342,-88.3246836263061,1.1598457078005446,59.5626536838138,310.48937360346963,74.34979179682182
33,2.4390136062882368e-05,2236,89.18152030000002,-71.9196475,J055643.56-715510.7,1636042515805110273,Gaia EDR3 4656738924002477824,4656738924002477824,1313992800,2016.0,89.18152986348892,0.014276029,-71.91962329112756,0.015268856,0.007291304190181211,0.014612706,0.49897012,2.116756,1.9751121063313453,0.018135425,0.7613065279599897,0.018342456,0.17637114,0.19067962,0.008342838,0.043911707,0.23125497,0.14502896,-0.32887876,0.1285551,-0.207647,0.02254307,267,0,267,0,-2.290305,213.58305,0.0,0.0,31,False,1.5115762,,,,,,,,31,23,0.026194325,35,11,0,0.013774423,122.12445,0,0,0.9004062,0.12658316,0.20699283,0.12749022,0.30703917,-42.484283,-54.93786,47.64367,4.051996,False,283,45769.141522948754,223.88202,204.4342,14.035935,32,22215.784428707586,399.11526,55.66258,14.471889,32,33378.83794511706,445.2284,74.970146,13.439218,0,0,0,1,0,1.2146748,1.032671,0.43595314,0.59671783,,,0,,,,282.5719510520184,-29.919430282227196,272.71676563229397,-84.63337458081065,1.2128459680068528,55.53854127074467,331.1393764934373,71.19711893094264
34,2.831270628626373e-05,2250,74.51390870000002,-67.3192756,J045803.33-671909.3,1636042515805110273,Gaia EDR3 4661700985633931264,4661700985633931264,1089845063,2016.0,74.51398053147021,0.0112347165,-67.31926973183855,0.012394693,0.014950293941523623,0.012741826,1.1733243,1.6543186,1.6539141106693207,0.014587157,-0.03658173183032794,0.016513878,-0.0071614007,-0.014920112,-0.001511346,0.031173311,0.3105604,0.07813821,-0.31114873,0.20121604,-0.36549377,-0.03476457,327,0,327,0,-2.334488,270.71634,0.0,0.0,31,False,1.6142778,,,,,,,,37,23,0.023649288,54,13,0,0.00199736,126.64278,0,0,0.9084307,0.115108304,0.07331647,0.032966696,0.15084893,-81.37028,-57.676353,-17.55813,28.057238,False,454,65890.65290996963,13.657853,4824.3784,13.640307,52,39311.145584715414,19.94436,1971.0406,13.852253,52,38296.90577348537,19.84549,1929.7537,13.289987,0,0,0,1,0,1.1778309,0.56226635,0.21194553,0.35032082,,,0,,,,278.2276599492825,-35.70816797138306,345.783904257734,-83.9032496415493,1.1184213484286527,63.39528805608623,302.5561473731768,72.53287115279993
35,4.101183325498823e-05,2252,75.7707086,-68.67352890000001,J050304.97-684024.7,1636042515805110273,Gaia EDR3 4661308288235159552,4661308288235159552,1587192090,2016.0,75.77081815755557,0.021708174,-68.67351918301786,0.020780064,0.007857385060353673,0.021942532,0.35808927,1.9453733,1.9449263294988763,0.027745305,0.0416987576597789,0.026084041,-0.034230363,0.03353527,-0.042855386,-0.14135982,0.2602159,-0.057142794,-0.30400288,0.22649479,-0.30248222,-0.18250842,300,0,296,4,-0.15166658,298.85214,0.0,2.3562356e-15,31,False,1.5545473,,,,,,,,35,25,0.04114399,39,14,0,0.021086546,86.208244,1,0,0.99257696,0.041118313,0.09964537,0.2716353,0.16719449,-43.99872,6.9420385,-7.028959,5.6833873,False,313,17474.00988248313,89.93924,194.28683,15.081386,36,9686.472628632033,168.73358,57.406906,15.373128,36,11405.552326855941,194.30547,58.69908,14.605104,0,12,0,9,0,1.2070513,0.7680235,0.29174232,0.47628117,,,0,,,,279.6790198982607,-34.900274860630944,332.21397002082256,-84.2006946784494,1.1747109314275743,58.350426999186126,327.50419006420066,70.3960144903966
36,3.125833341485469e-05,2253,76.267386,-68.74467510000001,J050504.17-684440.8,1636042515805110273,Gaia EDR3 4661283068181825536,4661283068181825536,608185826,2016.0,76.26740246810017,0.035194483,-68.74464441708365,0.034506775,0.015134745097086219,0.036358897,0.41625977,2.069204,2.0684015784545493,0.047785796,0.057623076834091555,0.0457793,-0.20021205,-0.03809203,0.20707156,-0.10164753,0.15873112,-0.07727939,-0.12898363,0.19107251,-0.3770523,-0.31299567,271,0,268,3,-0.8696293,253.00226,0.0,0.0,31,False,1.6758744,,,,,,,,31,24,0.07512876,35,11,0,0.026920168,26.434341,0,0,0.96107197,0.11556298,0.13511628,0.12978916,0.058987502,90.40843,48.57093,-3.081732,19.60714,False,276,7092.509683965577,17.930943,395.54584,16.060368,33,4584.304826688995,38.064175,120.43621,16.185358,35,3865.8871882374324,29.861958,129.4586,15.779773,0,8,0,8,0,1.1914248,0.4055853,0.12499046,0.28059483,,,0,,,,279.7069397138678,-34.70780351937895,331.0450953772501,-84.35559168872153,1.206637226783124,55.97049503477554,333.62635061473696,69.9245982175738
37,0.00020131574251182384,2255,79.9875445,-66.2311422,J051957.01-661352.1,1636042515805110273,Gaia EDR3 4660490659529887744,4660490659529887744,1480762696,2016.0,79.98736241384664,0.037598517,-66.23095473806428,0.04152959,0.04246837803977581,0.04010041,1.0590509,1.7570003,1.7405726087610065,0.0489427,0.23970233475852035,0.054044306,0.22903669,0.003961035,0.3499902,0.11870588,0.07460689,0.058423445,-0.22657856,0.3276621,-0.15389371,0.2958043,247,0,247,0,0.5282635,1044.0929,0.3376458,26.25704,31,False,1.2046751,,,,,,,,28,20,0.082495004,115,11,0,0.3277061,136.84872,0,0,1.0227197,0.31987303,0.24775189,0.05998113,0.35392168,-54.8251,-61.359108,38.3565,17.684565,False,729,128556.08578167556,382.38004,336.1998,12.914636,35,4996.505975676793,1339.7798,3.7293487,16.091877,35,41975.815573499196,7340.4526,5.7184234,13.190397,0,35,0,19,0,0.3653839,2.9014797,3.1772413,-0.2757616,,,0,,,,276.37743936339865,-33.82982808731819,0.10082568394962868,-85.98161270948948,1.1180637618460194,63.43189750873446,318.98683254040844,68.9335559846072
38,1.718891998025053e-05,2260,85.8036342,-68.5658733,J054312.87-683357.1,1636042515805110273,Gaia EDR3 4657770265919449600,4657770265919449600,1618750037,2016.0,85.80367700768795,0.020587265,-68.56586617630327,0.023142396,0.04022871389519043,0.021869924,1.8394537,1.8460537,1.7689162622519825,0.025321363,0.5280621827186591,0.029855441,0.018324047,-0.05327478,0.26517496,-0.073993154,0.1808113,-0.028337412,-0.21706429,0.14210127,-0.22960019,-0.072315104,297,0,296,1,-1.5041264,265.8903,0.0,0.0,31,True,1.5268863,,,,,,,,34,24,0.04220975,42,16,0,0.06507551,94.36827,0,0,0.9371832,0.10627226,0.07483461,0.18024081,0.19163944,-104.76818,-87.051735,48.832623,2.9835393,False,337,15471.261668117722,162.2993,95.3255,15.213552,40,7537.12365733712,260.34134,28.95093,15.645528,40,10978.864342872628,293.69205,37.382233,14.646502,0,1,0,0,0,1.1967988,0.9990263,0.43197536,0.56705093,,,0,,,,278.79244476485104,-31.32138221334931,306.6896276029743,-87.43488663712195,1.086432167435221,66.99108230511368,295.8628328428947,70.14885531008149
39,1.928592468974219e-05,2326,72.3929855,-69.0970276,J044934.31-690549.2,1636042515805110273,Gaia EDR3 4655430814419255296,4655430814419255296,485879234,2016.0,72.39302471964365,0.014207143,-69.09701432816287,0.014368445,0.04733617237704543,0.013806247,3.4286053,2.0104454,2.004413100048064,0.01763886,-0.1556245109643313,0.018072532,0.05416672,0.09557403,-0.13097996,-0.23658726,0.15498726,-0.21567181,-0.30565676,0.06828792,-0.14519185,0.06817896,298,79,298,0,3.1099062,649.7346,0.10009728,7.871674,31,False,1.6135494,,,,,,,,34,26,0.026618905,39,16,0,0.03547724,177.84607,0,0,1.1299965,,,,,,,,,False,326,119558.64789801586,191.56784,624.106,12.993414,36,71198.49089305104,426.96362,166.7554,13.207365,32,70991.43342732686,318.02698,223.22456,12.619881,0,1,0,0,0,1.1892902,0.58748436,0.21395111,0.37353325,,,0,,,,280.6078876359888,-35.94264078313924,331.0957392500655,-82.91855964588522,1.171223253079901,58.62831657110989,337.26542330680036,66.66225891932635
40,2.549576844775952e-05,2327,73.5596242,-68.7372571,J045414.30-684414.1,1636042515805110273,Gaia EDR3 4655510632093225984,4655510632093225984,1588726156,2016.0,73.55963926753867,0.049434748,-68.73723219664687,0.053719476,0.0792980887537815,0.050595634,1.5672911,2.1594248,2.159005193451644,0.05928295,-0.04256594573147859,0.06481936,0.15163131,0.2010735,0.062966965,-0.21917483,-0.026550572,-0.25506732,-0.27104682,0.22311276,0.04688107,0.24920987,336,0,334,2,7.9946203,2355.0774,0.53733003,56.9513,31,False,1.1231087,,,,,,,,38,27,0.09917027,42,14,0,0.23864673,141.73401,0,0,1.3262174,0.13081591,0.14005528,0.060070768,0.11459919,-44.37706,-64.8356,51.135555,15.275076,False,330,9499.553305376645,714.71967,13.2913,15.743109,32,899.2844454566228,278.75974,3.2260199,17.9538,40,22203.486019942688,3863.6504,5.7467637,13.881843,0,32,0,15,0,2.431985,4.0719576,2.2106915,1.8612661,,,0,,,,280.02656653264677,-35.65415321539863,333.3171357505151,-83.40401106795645,1.1408811172243012,61.22484689351277,337.2419157283212,64.92575686219904
41,4.453650489789103e-05,2343,81.61340150000001,-66.7162903,J052627.21-664258.6,1636042515805110273,Gaia EDR3 4660230732458721408,4660230732458721408,159932363,2016.0,81.61351174811328,0.018369174,-66.71629948372777,0.019074125,0.007977903991601615,0.018537333,0.4303696,1.5218124,1.478082270360002,0.023471124,0.36219576790632063,0.022854885,0.089961365,0.13316616,-0.15858658,-0.16373102,0.29287663,-0.076025896,-0.43999225,0.15936361,-0.28320965,-0.03032804,301,0,301,0,0.77389044,339.76114,0.027647037,0.22130907,95,False,,1.5462006,0.005488169,-0.21300828,-0.11197161,-0.07352638,0.21979947,0.11160565,34,24,0.03359418,132,132,0,0.053000513,60.60688,0,0,1.0308875,0.15730298,0.07465341,0.10286455,0.16055234,-87.45171,1.7914954,33.696922,-2.5850616,False,1108,23264.861129842153,83.1355,279.84268,14.770616,124,12629.475369564148,155.3873,81.2774,15.085079,125,15872.16401322692,146.75795,108.151985,14.246305,0,3,0,0,0,1.2250938,0.8387737,0.31446362,0.5243101,,,0,,,,276.83662788368906,-33.115593446660206,353.4756358550732,-86.67338330473784,1.0276727289553833,76.67351553855067,302.8013418760204,60.368342875245744
42,0.00021084342933205867,2350,84.15310670000001,-69.7895684,J053636.74-694722.4,1636042515805110273,Gaia EDR3 4657270434861385344,4657270434861385344,1520159295,2016.0,84.15257398086028,0.03923103,-69.78967128410233,0.038225017,0.005076571315189287,0.039425038,0.12876517,1.8633858,1.8136774355234675,0.047374234,0.4275285201913461,0.049825873,-0.010020804,0.14103039,0.022820283,-0.060277235,0.259031,0.011691439,-0.36772984,0.110685855,-0.30103147,-0.07718193,311,0,310,1,2.3648033,381.6307,0.16597849,1.9260644,31,False,1.3661535,,,,,,,,36,27,0.072455406,45,16,0,0.025071388,7.061735,3,0,1.0961331,0.09817659,0.06590228,0.10770378,0.0679887,-125.55874,15.947769,-7.4434443,1.6700478,False,338,5563.547050856581,4.044734,1375.5038,16.323988,44,1761.7849891835463,9.919743,177.6039,17.22366,42,5992.318213857118,38.17278,156.97884,15.303908,0,44,0,42,0,1.3937337,1.9197512,0.89967155,1.0200796,,,0,,,,280.29516234871807,-31.77066358594901,301.2614120932597,-86.11107217237812,1.0953822533763518,65.91251087720765,349.0518028014281,57.9321033740495
